Name,Email,Salary,Time Zone,Country,Role
Moina Dawidowsky,mdawidowsky0@rediff.com,9,Africa/Lagos,Nigeria,1
Cathrine Verny,cverny1@economist.com,54,Asia/Dhaka,Bangladesh,1
Stafani Kingsland,skingsland2@wunderground.com,91,Asia/Yekaterinburg,Russia,1
Aubrette Bedome,abedome3@reverbnation.com,4,Asia/Shanghai,China,2
Lemuel Sheaber,lsheaber4@twitter.com,64,Asia/Yerevan,Armenia,2
Emmy Courtin,ecourtin5@tiny.cc,15,Asia/Chongqing,China,2
Fons Lochet,flochet6@mashable.com,27,America/Toronto,Canada,1
Chere Manueau,cmanueau7@netvibes.com,35,Asia/Chongqing,China,2
Doyle Halksworth,dhalksworth8@prlog.org,52,Africa/Gaborone,Botswana,1
Arnoldo Lowcock,alowcock9@sohu.com,12,Europe/Oslo,Norway,1
Sile Yuranovev,syuranoveva@wired.com,37,America/Los_Angeles,United States,1
Blondie Woodlands,bwoodlandsb@exblog.jp,49,Asia/Manila,Philippines,3
Yves Lere,ylerec@patch.com,85,Europe/Athens,Greece,1
Dee dee Gait,ddeed@dropbox.com,12,Europe/Warsaw,Poland,3
Sonny Chismon,schismone@cbsnews.com,38,Asia/Shanghai,China,3
Johann Twydell,jtwydellf@liveinternet.ru,66,Asia/Bangkok,Thailand,1
Denni Keightley,dkeightleyg@nps.gov,7,Asia/Chongqing,China,1
Sada Dullard,sdullardh@prweb.com,71,Asia/Chongqing,China,3
Roberta Gilbert,rgilberti@photobucket.com,93,America/Vancouver,Canada,1
Emmie Yegorkov,eyegorkovj@w3.org,78,Asia/Yekaterinburg,Russia,1
Averil Tibbles,atibblesk@paginegialle.it,2,Asia/Shanghai,China,4
Ezmeralda Holleworth,eholleworthl@nps.gov,13,Europe/Paris,France,1
Luca Elie,leliem@goo.gl,20,Europe/Paris,France,1
Mozelle Navarre,mnavarren@cbslocal.com,66,Asia/Makassar,Indonesia,1
Paxon Birt,pbirto@businesswire.com,2,Europe/Moscow,Russia,4
Cherrita Pedro,cpedrop@adobe.com,41,Europe/Moscow,Russia,1
Demetria Noonan,dnoonanq@ustream.tv,58,America/Bogota,Colombia,1
Cara Plumtree,cplumtreer@prlog.org,68,America/Lima,Peru,1
Skell Krolak,skrolaks@apple.com,17,Europe/Helsinki,Finland,4
Nappie Makey,nmakeyt@ning.com,41,Asia/Jakarta,Indonesia,1
Dody Kiefer,dkieferu@cpanel.net,40,Asia/Chongqing,China,1
Lucina Readett,lreadettv@e-recht24.de,55,Africa/Ouagadougou,Burkina Faso,4
Kirk Benez,kbenezw@technorati.com,72,Europe/Volgograd,Russia,1
Esdras Leathart,eleathartx@epa.gov,47,Indian/Mauritius,Mauritius,1
Margaux Liddon,mliddony@acquirethisname.com,83,Asia/Jakarta,Indonesia,1
Chane Musla,cmuslaz@bizjournals.com,61,Asia/Makassar,Indonesia,1
Karel Cattermull,kcattermull10@drupal.org,58,America/Guayaquil,Ecuador,4
Kirsten Kolis,kkolis11@unblog.fr,22,America/Guatemala,Guatemala,1
Abra Lindores,alindores12@yolasite.com,71,America/Chicago,United States,1
Harriet Bullan,hbullan13@walmart.com,17,Asia/Manila,Philippines,1
Colas Snawdon,csnawdon14@netlog.com,63,Europe/Warsaw,Poland,1
Averell Heditch,aheditch15@github.com,41,Africa/Blantyre,Malawi,3
Johnathan Liven,jliven16@tripadvisor.com,83,Asia/Jakarta,Indonesia,1
Cecilius Rodrig,crodrig17@taobao.com,63,Asia/Baghdad,Iraq,2
Hamnet Pond,hpond18@cdc.gov,10,Africa/Libreville,Gabon,1
Chrisy Breissan,cbreissan19@wp.com,27,Atlantic/Cape_Verde,Cape Verde,4
Isabelita Lindhe,ilindhe1a@symantec.com,71,Asia/Makassar,Indonesia,1
Cinda Acaster,cacaster1b@amazon.co.uk,77,Europe/Zaporozhye,Ukraine,1
Free Nice,fnice1c@army.mil,95,Europe/Lisbon,Portugal,2
Skipp Jager,sjager1d@ovh.net,18,Africa/Johannesburg,South Africa,1
Ossie Teodoro,oteodoro1e@cdbaby.com,99,America/Santiago,Chile,1
Ira Court,icourt1f@japanpost.jp,89,Asia/Chongqing,China,1
Emmye Kirman,ekirman1g@irs.gov,27,America/Sao_Paulo,Brazil,3
Nyssa Slade,nslade1h@vimeo.com,29,Asia/Kabul,Afghanistan,1
Quillan O' Hogan,qo1i@cisco.com,65,Europe/Copenhagen,Denmark,4
Marcos Stenson,mstenson1j@tumblr.com,87,Asia/Kashgar,China,1
Krysta Ossipenko,kossipenko1k@blogtalkradio.com,92,America/Bogota,Colombia,1
Averell Hefferon,ahefferon1l@google.fr,51,Asia/Makassar,Indonesia,1
Katerina Roskelly,kroskelly1m@scientificamerican.com,97,Asia/Bangkok,Thailand,1
Lena Dukelow,ldukelow1n@fotki.com,59,Africa/Accra,Portugal,1
Jessa Davidai,jdavidai1o@wordpress.org,94,Asia/Jakarta,Indonesia,1
Jessalin Habershon,jhabershon1p@vistaprint.com,41,Asia/Shanghai,China,1
Theodosia Scantlebury,tscantlebury1q@timesonline.co.uk,5,Asia/Shanghai,China,1
Herold Papa,hpapa1r@hexun.com,67,America/Argentina/Cordoba,Argentina,1
Gerhard Ackred,gackred1s@merriam-webster.com,69,Asia/Seoul,South Korea,1
Kara McPhater,kmcphater1t@eepurl.com,92,Europe/Paris,France,1
Evvie MacTimpany,emactimpany1u@wsj.com,76,Africa/Monrovia,Liberia,1
Deana Vannikov,dvannikov1v@miibeian.gov.cn,3,Europe/Warsaw,Poland,1
Asia Druhan,adruhan1w@netlog.com,91,Asia/Krasnoyarsk,Russia,1
Saul Pollicote,spollicote1x@miibeian.gov.cn,75,Africa/Malabo,Equatorial Guinea,1
Brett Walesa,bwalesa1y@prweb.com,66,Asia/Yekaterinburg,Russia,1
Angie St. Clair,ast1z@tiny.cc,65,Asia/Chongqing,China,1
Ingamar Derell,iderell20@csmonitor.com,100,Asia/Makassar,Indonesia,1
Mort Arro,marro21@blogger.com,9,Europe/Stockholm,Sweden,1
Lacy Perett,lperett22@reuters.com,60,Europe/Sofia,Bulgaria,1
Marlie Coger,mcoger23@nih.gov,57,Europe/Paris,France,1
Ethelbert Maciocia,emaciocia24@imageshack.us,65,Asia/Harbin,China,1
Alvan Lippett,alippett25@bloglovin.com,19,Asia/Yekaterinburg,Russia,1
Neron Chitson,nchitson26@baidu.com,83,Asia/Shanghai,China,1
Anders Wixey,awixey27@domainmarket.com,25,Africa/Accra,Ghana,1
Jermaine Jeannard,jjeannard28@dagondesign.com,49,Europe/Prague,Czech Republic,1
Celestia Dugald,cdugald29@google.de,73,Asia/Seoul,South Korea,1
Jerry McIlwreath,jmcilwreath2a@photobucket.com,39,Africa/Johannesburg,South Africa,1
Wilmer Dannatt,wdannatt2b@salon.com,29,Asia/Vladivostok,Russia,1
Mort Laughrey,mlaughrey2c@hatena.ne.jp,52,Africa/Lagos,Nigeria,1
Samson Brunke,sbrunke2d@nydailynews.com,80,Africa/Libreville,Equatorial Guinea,1
Lotty Goricke,lgoricke2e@princeton.edu,69,Europe/Moscow,Russia,1
Sherwood Brunger,sbrunger2f@cyberchimps.com,37,Asia/Chongqing,China,1
Skippy Jaegar,sjaegar2g@multiply.com,64,Europe/Stockholm,Sweden,1
Rafaellle MacArte,rmacarte2h@angelfire.com,5,Asia/Chongqing,China,1
Kayle Puttick,kputtick2i@eventbrite.com,66,Indian/Mauritius,Mauritius,1
Trey Deakin,tdeakin2j@answers.com,7,Africa/Porto-Novo,Benin,1
Bryce Iannuzzi,biannuzzi2k@xrea.com,100,Pacific/Auckland,New Zealand,1
Ber Wickardt,bwickardt2l@forbes.com,65,Pacific/Port_Moresby,Papua New Guinea,1
Myrtie Quilleash,mquilleash2m@technorati.com,86,Africa/Niamey,Niger,1
Paige Fisher,pfisher2n@biblegateway.com,53,Asia/Shanghai,China,1
Merry Askam,maskam2o@youku.com,10,Asia/Chongqing,China,1
Bettine Gosling,bgosling2p@jugem.jp,25,Asia/Jakarta,Indonesia,1
Rey Charlin,rcharlin2q@fastcompany.com,36,Europe/Sarajevo,Bosnia and Herzegovina,1
Tally Martignon,tmartignon2r@example.com,99,Africa/Lagos,Nigeria,1